Hour,CPEpor_F,CPEpor_n,Rpor,CPEb_F,CPEb_n,Rb
0,4.7000000000000004e-08,0.82,300.0,2.4999999999999998e-06,0.81,270000.0
1,7.612157738095238e-07,0.8200297619047618,299.60863095238096,2.585565476190476e-06,0.8101636904761905,269609.67261904763
2,1.4754315476190475e-06,0.8200595238095237,299.2172619047619,2.6711309523809524e-06,0.810327380952381,269219.34523809527
3,2.1896473214285713e-06,0.8200892857142856,298.82589285714283,2.7566964285714283e-06,0.8104910714285715,268829.01785714284
4,2.9038630952380954e-06,0.8201190476190475,298.4345238095238,2.8422619047619046e-06,0.8106547619047619,268438.6904761905
5,3.6180788690476194e-06,0.8201488095238095,298.04315476190476,2.927827380952381e-06,0.8108184523809524,268048.3630952381
6,4.332294642857142e-06,0.8201785714285714,297.6517857142857,3.013392857142857e-06,0.8109821428571429,267658.03571428574
7,5.046510416666666e-06,0.8202083333333333,297.2604166666667,3.098958333333333e-06,0.8111458333333333,267267.7083333333
8,5.76072619047619e-06,0.8202380952380952,296.8690476190476,3.1845238095238094e-06,0.8113095238095238,266877.38095238095
9,6.474941964285714e-06,0.8202678571428571,296.47767857142856,3.2700892857142858e-06,0.8114732142857143,266487.0535714286
10,7.189157738095238e-06,0.820297619047619,296.0863095238095,3.355654761904762e-06,0.8116369047619049,266096.7261904762
11,7.903373511904762e-06,0.8203273809523809,295.6949404761905,3.441220238095238e-06,0.8118005952380953,265706.3988095238
12,8.617589285714285e-06,0.8203571428571428,295.30357142857144,3.5267857142857143e-06,0.8119642857142858,265316.0714285714
13,9.331805059523809e-06,0.8203869047619047,294.9122023809524,3.6123511904761906e-06,0.8121279761904763,264925.74404761905
14,1.0046020833333333e-05,0.8204166666666666,294.5208333333333,3.6979166666666665e-06,0.8122916666666667,264535.4166666667
15,1.0760236607142857e-05,0.8204464285714286,294.1294642857143,3.783482142857143e-06,0.8124553571428572,264145.08928571426
16,1.147445238095238e-05,0.8204761904761905,293.73809523809524,3.869047619047619e-06,0.8126190476190477,263754.7619047619
17,1.2188668154761905e-05,0.8205059523809524,293.3467261904762,3.954613095238096e-06,0.8127827380952382,263364.4345238095
18,1.2902883928571429e-05,0.8205357142857143,292.95535714285717,4.040178571428572e-06,0.8129464285714286,262974.10714285716
19,1.3617099702380953e-05,0.8205654761904762,292.5639880952381,4.125744047619048e-06,0.8131101190476191,262583.77976190473
20,1.4331315476190477e-05,0.820595238095238,292.17261904761904,4.211309523809524e-06,0.8132738095238096,262193.45238095237
21,1.5045531249999999e-05,0.8206249999999999,291.78125,4.296875e-06,0.8134375,261803.125
22,1.5759747023809526e-05,0.8206547619047618,291.38988095238096,4.382440476190476e-06,0.8136011904761905,261412.79761904763
23,1.647396279761905e-05,0.8206845238095237,290.9985119047619,4.468005952380953e-06,0.813764880952381,261022.47023809524
24,1.718817857142857e-05,0.8207142857142856,290.60714285714283,4.553571428571429e-06,0.8139285714285714,260632.14285714287
25,1.7902394345238097e-05,0.8207440476190476,290.2157738095238,4.639136904761905e-06,0.8140922619047619,260241.81547619047
26,1.861661011904762e-05,0.8207738095238095,289.82440476190476,4.724702380952381e-06,0.8142559523809524,259851.4880952381
27,1.9330825892857145e-05,0.8208035714285714,289.4330357142857,4.810267857142857e-06,0.8144196428571429,259461.1607142857
28,2.0045041666666667e-05,0.8208333333333333,289.0416666666667,4.895833333333333e-06,0.8145833333333334,259070.83333333334
29,2.0759257440476193e-05,0.8208630952380952,288.6502976190476,4.98139880952381e-06,0.8147470238095239,258680.50595238095
30,2.1473473214285715e-05,0.8208928571428571,288.25892857142856,5.066964285714286e-06,0.8149107142857144,258290.17857142858
31,2.218768898809524e-05,0.820922619047619,287.8675595238095,5.152529761904762e-06,0.8150744047619048,257899.85119047618
32,2.2901904761904763e-05,0.8209523809523809,287.4761904761905,5.2380952380952384e-06,0.8152380952380953,257509.52380952382
33,2.3616120535714286e-05,0.8209821428571428,287.08482142857144,5.323660714285715e-06,0.8154017857142858,257119.19642857142
34,2.433033630952381e-05,0.8210119047619047,286.6934523809524,5.409226190476191e-06,0.8155654761904763,256728.86904761905
35,2.5044552083333334e-05,0.8210416666666667,286.3020833333333,5.494791666666667e-06,0.8157291666666667,256338.54166666666
36,2.575876785714286e-05,0.8210714285714286,285.9107142857143,5.580357142857144e-06,0.8158928571428572,255948.2142857143
37,2.647298363095238e-05,0.8211011904761905,285.51934523809524,5.66592261904762e-06,0.8160565476190477,255557.8869047619
38,2.7187199404761907e-05,0.8211309523809524,285.1279761904762,5.7514880952380955e-06,0.8162202380952381,255167.55952380953
39,2.790141517857143e-05,0.8211607142857142,284.73660714285717,5.837053571428572e-06,0.8163839285714286,254777.23214285713
40,2.8615630952380955e-05,0.8211904761904761,284.3452380952381,5.922619047619048e-06,0.8165476190476191,254386.90476190476
41,2.9329846726190478e-05,0.821220238095238,283.95386904761904,6.008184523809524e-06,0.8167113095238095,253996.57738095237
42,3.00440625e-05,0.8212499999999999,283.5625,6.093750000000001e-06,0.816875,253606.25
43,3.0758278273809526e-05,0.8212797619047618,283.17113095238096,6.179315476190477e-06,0.8170386904761905,253215.92261904763
44,3.147249404761905e-05,0.8213095238095237,282.7797619047619,6.2648809523809525e-06,0.817202380952381,252825.59523809524
45,3.218670982142857e-05,0.8213392857142857,282.38839285714283,6.350446428571429e-06,0.8173660714285714,252435.26785714284
46,3.2900925595238096e-05,0.8213690476190476,281.9970238095238,6.436011904761905e-06,0.817529761904762,252044.94047619047
47,3.361514136904762e-05,0.8213988095238095,281.60565476190476,6.521577380952382e-06,0.8176934523809525,251654.6130952381
48,3.432935714285714e-05,0.8214285714285714,281.2142857142857,6.607142857142858e-06,0.817857142857143,251264.2857142857
49,3.5043572916666666e-05,0.8214583333333333,280.8229166666667,6.692708333333334e-06,0.8180208333333334,250873.95833333334
50,3.575778869047619e-05,0.8214880952380952,280.4315476190476,6.77827380952381e-06,0.8181845238095239,250483.63095238095
51,3.647200446428572e-05,0.8215178571428571,280.04017857142856,6.863839285714286e-06,0.8183482142857144,250093.30357142858
52,3.718622023809524e-05,0.821547619047619,279.6488095238095,6.949404761904763e-06,0.8185119047619048,249702.97619047618
53,3.790043601190476e-05,0.8215773809523809,279.2574404761905,7.034970238095239e-06,0.8186755952380953,249312.64880952382
54,3.861465178571429e-05,0.8216071428571428,278.86607142857144,7.120535714285715e-06,0.8188392857142858,248922.32142857142
55,3.9328867559523814e-05,0.8216369047619048,278.4747023809524,7.2061011904761915e-06,0.8190029761904762,248531.99404761905
56,4.004308333333333e-05,0.8216666666666667,278.0833333333333,7.2916666666666674e-06,0.8191666666666667,248141.66666666666
57,4.075729910714286e-05,0.8216964285714285,277.6919642857143,7.377232142857143e-06,0.8193303571428572,247751.3392857143
58,4.1471514880952384e-05,0.8217261904761904,277.30059523809524,7.46279761904762e-06,0.8194940476190476,247361.0119047619
59,4.21857306547619e-05,0.8217559523809523,276.9092261904762,7.548363095238096e-06,0.8196577380952381,246970.68452380953
60,4.289994642857143e-05,0.8217857142857142,276.51785714285717,7.633928571428572e-06,0.8198214285714286,246580.35714285713
61,4.3614162202380955e-05,0.8218154761904761,276.1264880952381,7.719494047619049e-06,0.8199851190476191,246190.02976190476
62,4.432837797619048e-05,0.821845238095238,275.73511904761904,7.805059523809524e-06,0.8201488095238095,245799.70238095237
63,4.504259375e-05,0.8218749999999999,275.34375,7.890625e-06,0.8203125,245409.375
64,4.5756809523809525e-05,0.8219047619047618,274.95238095238096,7.976190476190477e-06,0.8204761904761906,245019.04761904763
65,4.647102529761905e-05,0.8219345238095238,274.5610119047619,8.061755952380954e-06,0.820639880952381,244628.72023809524
66,4.718524107142857e-05,0.8219642857142857,274.16964285714283,8.14732142857143e-06,0.8208035714285715,244238.39285714284
67,4.7899456845238095e-05,0.8219940476190476,273.7782738095238,8.232886904761906e-06,0.820967261904762,243848.06547619047
68,4.861367261904762e-05,0.8220238095238095,273.38690476190476,8.318452380952382e-06,0.8211309523809525,243457.7380952381
69,4.932788839285715e-05,0.8220535714285714,272.9955357142857,8.404017857142857e-06,0.8212946428571429,243067.4107142857
70,5.0042104166666666e-05,0.8220833333333333,272.6041666666667,8.489583333333334e-06,0.8214583333333334,242677.08333333334
71,5.075631994047619e-05,0.8221130952380952,272.2127976190476,8.575148809523811e-06,0.8216220238095239,242286.75595238095
72,5.147053571428572e-05,0.8221428571428571,271.82142857142856,8.660714285714288e-06,0.8217857142857143,241896.42857142858
73,5.2184751488095236e-05,0.822172619047619,271.4300595238095,8.746279761904763e-06,0.8219494047619048,241506.10119047618
74,5.289896726190476e-05,0.8222023809523809,271.0386904761905,8.83184523809524e-06,0.8221130952380953,241115.77380952382
75,5.361318303571429e-05,0.8222321428571429,270.64732142857144,8.917410714285714e-06,0.8222767857142858,240725.44642857142
76,5.432739880952381e-05,0.8222619047619047,270.2559523809524,9.002976190476191e-06,0.8224404761904762,240335.11904761905
77,5.504161458333333e-05,0.8222916666666666,269.8645833333333,9.088541666666668e-06,0.8226041666666667,239944.79166666666
78,5.575583035714286e-05,0.8223214285714285,269.4732142857143,9.174107142857145e-06,0.8227678571428572,239554.4642857143
79,5.6470046130952384e-05,0.8223511904761904,269.08184523809524,9.259672619047621e-06,0.8229315476190476,239164.1369047619
80,5.718426190476191e-05,0.8223809523809523,268.6904761904762,9.345238095238096e-06,0.8230952380952381,238773.80952380953
81,5.789847767857143e-05,0.8224107142857142,268.29910714285717,9.430803571428571e-06,0.8232589285714286,238383.48214285713
82,5.8612693452380954e-05,0.8224404761904761,267.9077380952381,9.516369047619048e-06,0.8234226190476192,237993.15476190476
83,5.932690922619048e-05,0.822470238095238,267.51636904761904,9.601934523809525e-06,0.8235863095238096,237602.82738095237
84,6.0041125e-05,0.8225,267.125,9.687500000000002e-06,0.8237500000000001,237212.5
85,6.0755340773809524e-05,0.8225297619047619,266.73363095238096,9.773065476190478e-06,0.8239136904761906,236822.17261904763
86,6.146955654761904e-05,0.8225595238095238,266.3422619047619,9.858630952380953e-06,0.824077380952381,236431.84523809524
87,6.218377232142857e-05,0.8225892857142857,265.95089285714283,9.94419642857143e-06,0.8242410714285715,236041.51785714284
88,6.28979880952381e-05,0.8226190476190476,265.5595238095238,1.0029761904761905e-05,0.824404761904762,235651.19047619047
89,6.36122038690476e-05,0.8226488095238095,265.16815476190476,1.0115327380952382e-05,0.8245684523809524,235260.8630952381
90,6.432641964285713e-05,0.8226785714285714,264.7767857142857,1.0200892857142859e-05,0.8247321428571429,234870.5357142857
91,6.504063541666666e-05,0.8227083333333333,264.3854166666667,1.0286458333333335e-05,0.8248958333333334,234480.20833333334
92,6.575485119047618e-05,0.8227380952380952,263.9940476190476,1.037202380952381e-05,0.8250595238095239,234089.88095238095
93,6.646906696428571e-05,0.822767857142857,263.60267857142856,1.0457589285714287e-05,0.8252232142857143,233699.55357142858
94,6.718328273809524e-05,0.822797619047619,263.2113095238095,1.0543154761904764e-05,0.8253869047619048,233309.22619047618
95,6.789749851190476e-05,0.822827380952381,262.8199404761905,1.0628720238095239e-05,0.8255505952380953,232918.89880952382
96,6.861171428571427e-05,0.8228571428571428,262.42857142857144,1.0714285714285716e-05,0.8257142857142857,232528.57142857142
97,6.93259300595238e-05,0.8228869047619047,262.0372023809524,1.0799851190476193e-05,0.8258779761904762,232138.24404761905
98,7.004014583333332e-05,0.8229166666666666,261.6458333333333,1.0885416666666668e-05,0.8260416666666667,231747.91666666666
99,7.075436160714285e-05,0.8229464285714285,261.2544642857143,1.0970982142857144e-05,0.8262053571428571,231357.5892857143
100,7.146857738095238e-05,0.8229761904761904,260.86309523809524,1.1056547619047621e-05,0.8263690476190477,230967.2619047619
101,7.21827931547619e-05,0.8230059523809523,260.4717261904762,1.1142113095238096e-05,0.8265327380952382,230576.93452380953
102,7.289700892857143e-05,0.8230357142857142,260.08035714285717,1.1227678571428573e-05,0.8266964285714287,230186.60714285716
103,7.361122470238095e-05,0.8230654761904761,259.6889880952381,1.131324404761905e-05,0.8268601190476191,229796.27976190476
104,7.432544047619047e-05,0.8230952380952381,259.29761904761904,1.1398809523809526e-05,0.8270238095238096,229405.95238095237
105,7.503965624999999e-05,0.823125,258.90625,1.1484375000000001e-05,0.8271875000000001,229015.625
106,7.575387202380952e-05,0.8231547619047619,258.51488095238096,1.1569940476190478e-05,0.8273511904761905,228625.29761904763
107,7.646808779761904e-05,0.8231845238095238,258.1235119047619,1.1655505952380955e-05,0.827514880952381,228234.97023809524
108,7.718230357142857e-05,0.8232142857142857,257.73214285714283,1.174107142857143e-05,0.8276785714285715,227844.64285714284
109,7.78965193452381e-05,0.8232440476190476,257.3407738095238,1.1826636904761907e-05,0.827842261904762,227454.31547619047
110,7.861073511904762e-05,0.8232738095238095,256.94940476190476,1.1912202380952383e-05,0.8280059523809524,227063.9880952381
111,7.932495089285713e-05,0.8233035714285714,256.5580357142857,1.1997767857142858e-05,0.8281696428571429,226673.6607142857
112,8.003916666666666e-05,0.8233333333333333,256.1666666666667,1.2083333333333335e-05,0.8283333333333334,226283.3333333333
113,8.075338244047618e-05,0.8233630952380951,255.77529761904762,1.2168898809523812e-05,0.8284970238095238,225893.00595238095
114,8.146759821428571e-05,0.8233928571428571,255.38392857142856,1.2254464285714287e-05,0.8286607142857143,225502.67857142858
115,8.218181398809523e-05,0.823422619047619,254.99255952380952,1.2340029761904764e-05,0.8288244047619048,225112.35119047618
116,8.289602976190476e-05,0.8234523809523809,254.60119047619048,1.242559523809524e-05,0.8289880952380952,224722.02380952382
117,8.361024553571429e-05,0.8234821428571428,254.20982142857144,1.2511160714285715e-05,0.8291517857142857,224331.69642857142
118,8.43244613095238e-05,0.8235119047619047,253.81845238095238,1.2596726190476192e-05,0.8293154761904762,223941.36904761905
119,8.503867708333332e-05,0.8235416666666666,253.42708333333334,1.2682291666666669e-05,0.8294791666666668,223551.04166666666
120,8.575289285714285e-05,0.8235714285714285,253.03571428571428,1.2767857142857144e-05,0.8296428571428572,223160.7142857143
121,8.646710863095238e-05,0.8236011904761904,252.64434523809524,1.285342261904762e-05,0.8298065476190477,222770.3869047619
122,8.71813244047619e-05,0.8236309523809523,252.2529761904762,1.2938988095238097e-05,0.8299702380952382,222380.05952380953
123,8.789554017857143e-05,0.8236607142857142,251.86160714285714,1.3024553571428574e-05,0.8301339285714286,221989.73214285716
124,8.860975595238095e-05,0.8236904761904762,251.4702380952381,1.311011904761905e-05,0.8302976190476191,221599.40476190476
125,8.932397172619046e-05,0.8237202380952381,251.07886904761904,1.3195684523809526e-05,0.8304613095238096,221209.07738095237
126,9.003818749999999e-05,0.82375,250.6875,1.3281250000000003e-05,0.8306250000000001,220818.75
127,9.075240327380952e-05,0.8237797619047619,250.29613095238096,1.3366815476190478e-05,0.8307886904761905,220428.42261904763
128,9.146661904761904e-05,0.8238095238095238,249.9047619047619,1.3452380952380954e-05,0.830952380952381,220038.09523809524
129,9.218083482142857e-05,0.8238392857142857,249.51339285714286,1.3537946428571431e-05,0.8311160714285715,219647.76785714284
130,9.289505059523809e-05,0.8238690476190476,249.1220238095238,1.3623511904761906e-05,0.8312797619047619,219257.44047619047
131,9.360926636904762e-05,0.8238988095238095,248.73065476190476,1.3709077380952383e-05,0.8314434523809524,218867.1130952381
132,9.432348214285713e-05,0.8239285714285713,248.33928571428572,1.379464285714286e-05,0.8316071428571429,218476.7857142857
133,9.503769791666666e-05,0.8239583333333332,247.94791666666666,1.3880208333333335e-05,0.8317708333333333,218086.4583333333
134,9.575191369047618e-05,0.8239880952380952,247.55654761904762,1.3965773809523811e-05,0.8319345238095238,217696.13095238095
135,9.646612946428571e-05,0.8240178571428571,247.16517857142856,1.4051339285714288e-05,0.8320982142857143,217305.80357142858
136,9.718034523809523e-05,0.824047619047619,246.77380952380952,1.4136904761904765e-05,0.8322619047619049,216915.47619047618
137,9.789456101190476e-05,0.8240773809523809,246.38244047619048,1.422247023809524e-05,0.8324255952380953,216525.14880952382
138,9.860877678571429e-05,0.8241071428571428,245.99107142857144,1.4308035714285717e-05,0.8325892857142858,216134.82142857142
139,9.93229925595238e-05,0.8241369047619047,245.59970238095238,1.4393601190476193e-05,0.8327529761904763,215744.49404761905
140,0.00010003720833333332,0.8241666666666666,245.20833333333334,1.4479166666666669e-05,0.8329166666666667,215354.16666666666
141,0.00010075142410714285,0.8241964285714285,244.81696428571428,1.4564732142857145e-05,0.8330803571428572,214963.8392857143
142,0.00010146563988095237,0.8242261904761904,244.42559523809524,1.4650297619047622e-05,0.8332440476190477,214573.5119047619
143,0.0001021798556547619,0.8242559523809523,244.0342261904762,1.4735863095238097e-05,0.8334077380952382,214183.18452380953
144,0.00010289407142857143,0.8242857142857143,243.64285714285714,1.4821428571428574e-05,0.8335714285714286,213792.85714285716
145,0.00010360828720238095,0.8243154761904762,243.2514880952381,1.490699404761905e-05,0.8337351190476191,213402.52976190476
146,0.00010432250297619046,0.8243452380952381,242.86011904761904,1.4992559523809526e-05,0.8338988095238096,213012.20238095237
147,0.00010503671874999999,0.824375,242.46875,1.5078125000000002e-05,0.8340625,212621.875
148,0.00010575093452380952,0.8244047619047619,242.07738095238096,1.5163690476190479e-05,0.8342261904761905,212231.54761904763
149,0.00010646515029761904,0.8244345238095238,241.6860119047619,1.5249255952380954e-05,0.834389880952381,211841.22023809524
150,0.00010717936607142857,0.8244642857142856,241.29464285714286,1.533482142857143e-05,0.8345535714285715,211450.89285714284
151,0.00010789358184523809,0.8244940476190475,240.9032738095238,1.542038690476191e-05,0.8347172619047619,211060.56547619047
152,0.00010860779761904762,0.8245238095238094,240.51190476190476,1.5505952380952383e-05,0.8348809523809524,210670.2380952381
153,0.00010932201339285713,0.8245535714285713,240.12053571428572,1.559151785714286e-05,0.8350446428571429,210279.9107142857
154,0.00011003622916666666,0.8245833333333333,239.72916666666666,1.5677083333333336e-05,0.8352083333333333,209889.5833333333
155,0.00011075044494047618,0.8246130952380952,239.33779761904762,1.5762648809523813e-05,0.8353720238095239,209499.25595238095
156,0.00011146466071428571,0.8246428571428571,238.94642857142856,1.584821428571429e-05,0.8355357142857144,209108.92857142858
157,0.00011217887648809523,0.824672619047619,238.55505952380952,1.5933779761904763e-05,0.8356994047619049,208718.60119047618
158,0.00011289309226190476,0.8247023809523809,238.16369047619048,1.6019345238095243e-05,0.8358630952380953,208328.27380952382
159,0.00011360730803571428,0.8247321428571428,237.77232142857144,1.6104910714285716e-05,0.8360267857142858,207937.94642857142
160,0.00011432152380952381,0.8247619047619047,237.38095238095238,1.6190476190476193e-05,0.8361904761904763,207547.61904761905
161,0.00011503573958333332,0.8247916666666666,236.98958333333334,1.627604166666667e-05,0.8363541666666667,207157.29166666666
162,0.00011574995535714285,0.8248214285714285,236.59821428571428,1.6361607142857143e-05,0.8365178571428572,206766.9642857143
163,0.00011646417113095237,0.8248511904761904,236.20684523809524,1.6447172619047623e-05,0.8366815476190477,206376.6369047619
164,0.0001171783869047619,0.8248809523809524,235.8154761904762,1.6532738095238097e-05,0.8368452380952381,205986.30952380953
165,0.00011789260267857143,0.8249107142857143,235.42410714285714,1.6618303571428573e-05,0.8370089285714286,205595.98214285713
166,0.00011860681845238095,0.8249404761904762,235.0327380952381,1.670386904761905e-05,0.8371726190476191,205205.65476190476
167,0.00011932103422619048,0.8249702380952381,234.64136904761904,1.6789434523809527e-05,0.8373363095238096,204815.32738095237
168,0.00012003524999999999,0.825,234.25,1.6875000000000004e-05,0.8375,204425.0
169,0.00012074946577380951,0.8250297619047618,233.85863095238096,1.6960565476190477e-05,0.8376636904761905,204034.67261904763
170,0.00012146368154761904,0.8250595238095237,233.46726190476193,1.7046130952380957e-05,0.837827380952381,203644.34523809524
171,0.00012217789732142857,0.8250892857142856,233.07589285714286,1.713169642857143e-05,0.8379910714285714,203254.01785714284
172,0.0001228921130952381,0.8251190476190475,232.6845238095238,1.7217261904761907e-05,0.838154761904762,202863.69047619047
173,0.00012360632886904762,0.8251488095238095,232.29315476190476,1.7302827380952384e-05,0.8383184523809525,202473.3630952381
174,0.00012432054464285716,0.8251785714285714,231.90178571428572,1.738839285714286e-05,0.838482142857143,202083.0357142857
175,0.00012503476041666667,0.8252083333333333,231.51041666666669,1.7473958333333337e-05,0.8386458333333334,201692.7083333333
176,0.0001257489761904762,0.8252380952380952,231.11904761904762,1.755952380952381e-05,0.8388095238095239,201302.38095238095
177,0.00012646319196428572,0.8252678571428571,230.72767857142856,1.764508928571429e-05,0.8389732142857144,200912.05357142858
178,0.00012717740773809523,0.825297619047619,230.33630952380952,1.7730654761904764e-05,0.8391369047619048,200521.72619047618
179,0.00012789162351190477,0.8253273809523809,229.94494047619048,1.781622023809524e-05,0.8393005952380953,200131.3988095238
180,0.00012860583928571428,0.8253571428571428,229.55357142857144,1.7901785714285718e-05,0.8394642857142858,199741.07142857142
181,0.00012932005505952382,0.8253869047619047,229.16220238095238,1.7987351190476194e-05,0.8396279761904762,199350.74404761905
182,0.00013003427083333334,0.8254166666666666,228.77083333333331,1.807291666666667e-05,0.8397916666666667,198960.4166666667
183,0.00013074848660714287,0.8254464285714286,228.37946428571428,1.8158482142857145e-05,0.8399553571428572,198570.0892857143
184,0.0001314627023809524,0.8254761904761905,227.98809523809524,1.824404761904762e-05,0.8401190476190477,198179.7619047619
185,0.0001321769181547619,0.8255059523809524,227.5967261904762,1.8329613095238098e-05,0.8402827380952381,197789.43452380953
186,0.00013289113392857144,0.8255357142857143,227.20535714285714,1.8415178571428575e-05,0.8404464285714286,197399.10714285716
187,0.00013360534970238095,0.8255654761904762,226.8139880952381,1.850074404761905e-05,0.8406101190476191,197008.77976190476
188,0.0001343195654761905,0.825595238095238,226.42261904761904,1.8586309523809528e-05,0.8407738095238095,196618.45238095237
189,0.00013503378125,0.8256249999999999,226.03125,1.8671875e-05,0.8409375,196228.125
190,0.00013574799702380954,0.8256547619047618,225.63988095238096,1.8757440476190478e-05,0.8411011904761905,195837.79761904763
191,0.00013646221279761905,0.8256845238095237,225.24851190476193,1.8843005952380955e-05,0.8412648809523811,195447.47023809524
192,0.00013717642857142857,0.8257142857142856,224.85714285714286,1.8928571428571432e-05,0.8414285714285715,195057.14285714284
193,0.0001378906443452381,0.8257440476190476,224.4657738095238,1.901413690476191e-05,0.841592261904762,194666.81547619047
194,0.00013860486011904762,0.8257738095238095,224.07440476190476,1.9099702380952385e-05,0.8417559523809525,194276.4880952381
195,0.00013931907589285716,0.8258035714285714,223.68303571428572,1.9185267857142862e-05,0.8419196428571429,193886.1607142857
196,0.00014003329166666667,0.8258333333333333,223.29166666666669,1.9270833333333335e-05,0.8420833333333334,193495.8333333333
197,0.0001407475074404762,0.8258630952380952,222.90029761904762,1.9356398809523812e-05,0.8422470238095239,193105.50595238095
198,0.00014146172321428572,0.8258928571428571,222.50892857142856,1.944196428571429e-05,0.8424107142857143,192715.17857142858
199,0.00014217593898809526,0.825922619047619,222.11755952380952,1.9527529761904766e-05,0.8425744047619048,192324.85119047618
200,0.00014289015476190477,0.8259523809523809,221.72619047619048,1.9613095238095242e-05,0.8427380952380953,191934.5238095238
201,0.00014360437053571428,0.8259821428571428,221.33482142857144,1.969866071428572e-05,0.8429017857142858,191544.19642857142
202,0.00014431858630952382,0.8260119047619047,220.94345238095238,1.9784226190476192e-05,0.8430654761904762,191153.86904761905
203,0.00014503280208333333,0.8260416666666667,220.55208333333331,1.986979166666667e-05,0.8432291666666667,190763.5416666667
204,0.00014574701785714287,0.8260714285714286,220.16071428571428,1.9955357142857146e-05,0.8433928571428572,190373.2142857143
205,0.00014646123363095239,0.8261011904761905,219.76934523809524,2.0040922619047623e-05,0.8435565476190476,189982.8869047619
206,0.00014717544940476193,0.8261309523809524,219.3779761904762,2.01264880952381e-05,0.8437202380952381,189592.55952380953
207,0.00014788966517857144,0.8261607142857142,218.98660714285714,2.0212053571428576e-05,0.8438839285714286,189202.23214285716
208,0.00014860388095238095,0.8261904761904761,218.5952380952381,2.0297619047619053e-05,0.8440476190476192,188811.90476190476
209,0.0001493180967261905,0.826220238095238,218.20386904761904,2.0383184523809526e-05,0.8442113095238096,188421.57738095237
210,0.0001500323125,0.8262499999999999,217.8125,2.0468750000000003e-05,0.8443750000000001,188031.25
211,0.00015074652827380954,0.8262797619047618,217.42113095238096,2.055431547619048e-05,0.8445386904761906,187640.92261904763
212,0.00015146074404761905,0.8263095238095237,217.02976190476193,2.0639880952380956e-05,0.844702380952381,187250.59523809524
213,0.0001521749598214286,0.8263392857142857,216.63839285714286,2.0725446428571433e-05,0.8448660714285715,186860.26785714284
214,0.0001528891755952381,0.8263690476190476,216.2470238095238,2.081101190476191e-05,0.845029761904762,186469.94047619047
215,0.00015360339136904762,0.8263988095238095,215.85565476190476,2.0896577380952383e-05,0.8451934523809524,186079.6130952381
216,0.00015431760714285716,0.8264285714285714,215.46428571428572,2.098214285714286e-05,0.8453571428571429,185689.2857142857
217,0.00015503182291666667,0.8264583333333333,215.07291666666669,2.1067708333333337e-05,0.8455208333333334,185298.9583333333
218,0.0001557460386904762,0.8264880952380952,214.68154761904762,2.1153273809523813e-05,0.8456845238095239,184908.63095238095
219,0.00015646025446428572,0.8265178571428571,214.29017857142856,2.123883928571429e-05,0.8458482142857143,184518.30357142858
220,0.00015717447023809526,0.826547619047619,213.89880952380952,2.1324404761904767e-05,0.8460119047619048,184127.97619047618
221,0.00015788868601190477,0.8265773809523809,213.50744047619048,2.140997023809524e-05,0.8461755952380953,183737.6488095238
222,0.00015860290178571428,0.8266071428571428,213.11607142857144,2.1495535714285717e-05,0.8463392857142857,183347.32142857142
223,0.00015931711755952382,0.8266369047619048,212.72470238095238,2.1581101190476194e-05,0.8465029761904762,182956.99404761905
224,0.00016003133333333333,0.8266666666666667,212.33333333333331,2.166666666666667e-05,0.8466666666666667,182566.66666666666
225,0.00016074554910714287,0.8266964285714286,211.94196428571428,2.1752232142857147e-05,0.8468303571428571,182176.3392857143
226,0.00016145976488095239,0.8267261904761904,211.55059523809524,2.1837797619047624e-05,0.8469940476190476,181786.0119047619
227,0.00016217398065476192,0.8267559523809523,211.1592261904762,2.19233630952381e-05,0.8471577380952382,181395.68452380953
228,0.00016288819642857144,0.8267857142857142,210.76785714285714,2.2008928571428574e-05,0.8473214285714287,181005.35714285716
229,0.00016360241220238095,0.8268154761904761,210.3764880952381,2.209449404761905e-05,0.8474851190476191,180615.02976190476
230,0.0001643166279761905,0.826845238095238,209.98511904761904,2.2180059523809527e-05,0.8476488095238096,180224.70238095237
231,0.00016503084375,0.8268749999999999,209.59375,2.2265625000000004e-05,0.8478125000000001,179834.375
232,0.00016574505952380954,0.8269047619047618,209.20238095238096,2.235119047619048e-05,0.8479761904761905,179444.04761904763
233,0.00016645927529761905,0.8269345238095238,208.81101190476193,2.2436755952380958e-05,0.848139880952381,179053.72023809524
234,0.0001671734910714286,0.8269642857142857,208.41964285714286,2.252232142857143e-05,0.8483035714285715,178663.39285714284
235,0.0001678877068452381,0.8269940476190476,208.0282738095238,2.2607886904761908e-05,0.848467261904762,178273.06547619047
236,0.00016860192261904762,0.8270238095238095,207.63690476190476,2.2693452380952384e-05,0.8486309523809524,177882.7380952381
237,0.00016931613839285715,0.8270535714285714,207.24553571428572,2.277901785714286e-05,0.8487946428571429,177492.4107142857
238,0.00017003035416666667,0.8270833333333333,206.85416666666669,2.2864583333333338e-05,0.8489583333333334,177102.0833333333
239,0.0001707445699404762,0.8271130952380952,206.46279761904762,2.2950148809523815e-05,0.8491220238095238,176711.75595238095
240,0.00017145878571428572,0.8271428571428571,206.07142857142856,2.3035714285714288e-05,0.8492857142857143,176321.42857142858
241,0.00017217300148809526,0.827172619047619,205.68005952380952,2.3121279761904765e-05,0.8494494047619048,175931.10119047618
242,0.00017288721726190477,0.8272023809523809,205.28869047619048,2.320684523809524e-05,0.8496130952380953,175540.7738095238
243,0.00017360143303571428,0.8272321428571429,204.89732142857144,2.3292410714285718e-05,0.8497767857142857,175150.44642857142
244,0.00017431564880952382,0.8272619047619048,204.50595238095238,2.3377976190476195e-05,0.8499404761904762,174760.11904761905
245,0.00017502986458333333,0.8272916666666666,204.11458333333331,2.3463541666666672e-05,0.8501041666666667,174369.79166666666
246,0.00017574408035714287,0.8273214285714285,203.72321428571428,2.354910714285715e-05,0.8502678571428572,173979.4642857143
247,0.00017645829613095238,0.8273511904761904,203.33184523809524,2.3634672619047622e-05,0.8504315476190477,173589.1369047619
248,0.00017717251190476192,0.8273809523809523,202.9404761904762,2.37202380952381e-05,0.8505952380952382,173198.80952380953
249,0.00017788672767857144,0.8274107142857142,202.54910714285714,2.3805803571428575e-05,0.8507589285714287,172808.48214285716
250,0.00017860094345238095,0.8274404761904761,202.1577380952381,2.3891369047619052e-05,0.8509226190476191,172418.15476190476
251,0.0001793151592261905,0.827470238095238,201.76636904761904,2.397693452380953e-05,0.8510863095238096,172027.82738095237
252,0.000180029375,0.8274999999999999,201.375,2.4062500000000006e-05,0.8512500000000001,171637.5
253,0.00018074359077380954,0.8275297619047619,200.98363095238096,2.414806547619048e-05,0.8514136904761905,171247.17261904763
254,0.00018145780654761905,0.8275595238095238,200.59226190476193,2.4233630952380956e-05,0.851577380952381,170856.84523809524
255,0.0001821720223214286,0.8275892857142857,200.20089285714286,2.4319196428571432e-05,0.8517410714285715,170466.51785714284
256,0.0001828862380952381,0.8276190476190476,199.8095238095238,2.440476190476191e-05,0.8519047619047619,170076.19047619047
257,0.00018360045386904761,0.8276488095238095,199.41815476190476,2.4490327380952386e-05,0.8520684523809524,169685.8630952381
258,0.00018431466964285715,0.8276785714285714,199.02678571428572,2.4575892857142863e-05,0.8522321428571429,169295.5357142857
259,0.00018502888541666667,0.8277083333333333,198.63541666666669,2.466145833333334e-05,0.8523958333333334,168905.2083333333
260,0.0001857431011904762,0.8277380952380952,198.24404761904762,2.4747023809523813e-05,0.8525595238095238,168514.88095238095
261,0.00018645731696428572,0.827767857142857,197.85267857142856,2.483258928571429e-05,0.8527232142857143,168124.55357142858
262,0.00018717153273809526,0.8277976190476191,197.46130952380952,2.4918154761904766e-05,0.8528869047619048,167734.22619047618
263,0.00018788574851190477,0.827827380952381,197.06994047619048,2.5003720238095243e-05,0.8530505952380953,167343.8988095238
264,0.00018859996428571428,0.8278571428571428,196.67857142857144,2.508928571428572e-05,0.8532142857142858,166953.57142857142
265,0.00018931418005952382,0.8278869047619047,196.28720238095238,2.5174851190476196e-05,0.8533779761904763,166563.24404761905
266,0.00019002839583333333,0.8279166666666666,195.89583333333331,2.526041666666667e-05,0.8535416666666668,166172.91666666666
267,0.00019074261160714287,0.8279464285714285,195.50446428571428,2.5345982142857146e-05,0.8537053571428572,165782.5892857143
268,0.00019145682738095238,0.8279761904761904,195.11309523809524,2.5431547619047623e-05,0.8538690476190477,165392.2619047619
269,0.00019217104315476192,0.8280059523809523,194.7217261904762,2.55171130952381e-05,0.8540327380952382,165001.93452380953
270,0.00019288525892857144,0.8280357142857142,194.33035714285714,2.5602678571428577e-05,0.8541964285714286,164611.60714285716
271,0.00019359947470238095,0.8280654761904761,193.9389880952381,2.5688244047619053e-05,0.8543601190476191,164221.27976190476
272,0.0001943136904761905,0.8280952380952381,193.54761904761904,2.577380952380953e-05,0.8545238095238096,163830.95238095237
273,0.00019502790625,0.828125,193.15625,2.5859375000000003e-05,0.8546875,163440.625
274,0.00019574212202380954,0.8281547619047619,192.76488095238096,2.594494047619048e-05,0.8548511904761905,163050.29761904763
275,0.00019645633779761905,0.8281845238095238,192.37351190476193,2.6030505952380957e-05,0.855014880952381,162659.97023809524
276,0.0001971705535714286,0.8282142857142857,191.98214285714286,2.6116071428571434e-05,0.8551785714285715,162269.64285714284
277,0.0001978847693452381,0.8282440476190476,191.5907738095238,2.620163690476191e-05,0.8553422619047619,161879.31547619047
278,0.00019859898511904761,0.8282738095238095,191.19940476190476,2.6287202380952387e-05,0.8555059523809524,161488.9880952381
279,0.00019931320089285715,0.8283035714285714,190.80803571428572,2.637276785714286e-05,0.8556696428571429,161098.6607142857
280,0.00020002741666666667,0.8283333333333333,190.41666666666669,2.6458333333333337e-05,0.8558333333333333,160708.3333333333
281,0.0002007416324404762,0.8283630952380951,190.02529761904762,2.6543898809523814e-05,0.8559970238095238,160318.00595238095
282,0.00020145584821428572,0.8283928571428572,189.63392857142856,2.662946428571429e-05,0.8561607142857144,159927.67857142858
283,0.00020217006398809526,0.828422619047619,189.24255952380952,2.6715029761904767e-05,0.8563244047619049,159537.35119047618
284,0.00020288427976190477,0.8284523809523809,188.85119047619048,2.6800595238095244e-05,0.8564880952380953,159147.0238095238
285,0.00020359849553571428,0.8284821428571428,188.45982142857144,2.6886160714285718e-05,0.8566517857142858,158756.69642857142
286,0.00020431271130952382,0.8285119047619047,188.06845238095238,2.6971726190476194e-05,0.8568154761904763,158366.36904761905
287,0.00020502692708333333,0.8285416666666666,187.67708333333331,2.705729166666667e-05,0.8569791666666667,157976.04166666666
288,0.00020574114285714287,0.8285714285714285,187.28571428571428,2.7142857142857148e-05,0.8571428571428572,157585.7142857143
289,0.00020645535863095238,0.8286011904761904,186.89434523809524,2.7228422619047624e-05,0.8573065476190477,157195.3869047619
290,0.00020716957440476192,0.8286309523809523,186.5029761904762,2.73139880952381e-05,0.8574702380952381,156805.05952380953
291,0.00020788379017857143,0.8286607142857142,186.11160714285714,2.7399553571428578e-05,0.8576339285714286,156414.73214285716
292,0.00020859800595238095,0.8286904761904762,185.7202380952381,2.748511904761905e-05,0.8577976190476191,156024.40476190476
293,0.00020931222172619049,0.8287202380952381,185.32886904761904,2.7570684523809528e-05,0.8579613095238096,155634.07738095237
294,0.0002100264375,0.82875,184.9375,2.7656250000000005e-05,0.858125,155243.75
295,0.00021074065327380954,0.8287797619047619,184.54613095238096,2.774181547619048e-05,0.8582886904761905,154853.42261904763
296,0.00021145486904761905,0.8288095238095238,184.15476190476193,2.7827380952380958e-05,0.858452380952381,154463.09523809524
297,0.0002121690848214286,0.8288392857142857,183.76339285714286,2.7912946428571435e-05,0.8586160714285714,154072.76785714284
298,0.0002128833005952381,0.8288690476190476,183.3720238095238,2.799851190476191e-05,0.8587797619047619,153682.44047619047
299,0.0002135975163690476,0.8288988095238095,182.98065476190476,2.8084077380952385e-05,0.8589434523809525,153292.1130952381
300,0.00021431173214285715,0.8289285714285713,182.58928571428572,2.8169642857142862e-05,0.859107142857143,152901.7857142857
301,0.00021502594791666666,0.8289583333333332,182.19791666666669,2.825520833333334e-05,0.8592708333333334,152511.4583333333
302,0.0002157401636904762,0.8289880952380952,181.80654761904762,2.8340773809523815e-05,0.8594345238095239,152121.13095238095
303,0.00021645437946428572,0.8290178571428571,181.41517857142856,2.8426339285714292e-05,0.8595982142857144,151730.80357142858
304,0.00021716859523809526,0.829047619047619,181.02380952380952,2.8511904761904765e-05,0.8597619047619048,151340.47619047618
305,0.00021788281101190477,0.8290773809523809,180.63244047619048,2.8597470238095242e-05,0.8599255952380953,150950.1488095238
306,0.00021859702678571428,0.8291071428571428,180.24107142857144,2.868303571428572e-05,0.8600892857142858,150559.82142857142
307,0.00021931124255952382,0.8291369047619047,179.84970238095238,2.8768601190476196e-05,0.8602529761904762,150169.49404761905
308,0.00022002545833333333,0.8291666666666666,179.45833333333331,2.8854166666666672e-05,0.8604166666666667,149779.16666666666
309,0.00022073967410714287,0.8291964285714285,179.06696428571428,2.893973214285715e-05,0.8605803571428572,149388.83928571426
310,0.00022145388988095238,0.8292261904761904,178.67559523809524,2.9025297619047626e-05,0.8607440476190477,148998.5119047619
311,0.00022216810565476192,0.8292559523809523,178.2842261904762,2.91108630952381e-05,0.8609077380952381,148608.18452380953
312,0.00022288232142857143,0.8292857142857143,177.89285714285714,2.9196428571428576e-05,0.8610714285714286,148217.85714285716
313,0.00022359653720238095,0.8293154761904762,177.5014880952381,2.9281994047619053e-05,0.8612351190476191,147827.52976190476
314,0.00022431075297619049,0.8293452380952381,177.11011904761904,2.936755952380953e-05,0.8613988095238095,147437.20238095237
315,0.00022502496875,0.829375,176.71875,2.9453125000000006e-05,0.8615625,147046.875
316,0.00022573918452380954,0.8294047619047619,176.32738095238096,2.9538690476190483e-05,0.8617261904761905,146656.54761904763
317,0.00022645340029761905,0.8294345238095238,175.93601190476193,2.9624255952380956e-05,0.861889880952381,146266.22023809524
318,0.0002271676160714286,0.8294642857142857,175.54464285714286,2.9709821428571433e-05,0.8620535714285715,145875.89285714284
319,0.0002278818318452381,0.8294940476190475,175.1532738095238,2.979538690476191e-05,0.862217261904762,145485.56547619047
320,0.00022859604761904764,0.8295238095238094,174.76190476190476,2.9880952380952386e-05,0.8623809523809525,145095.2380952381
321,0.00022931026339285715,0.8295535714285713,174.37053571428572,2.9966517857142863e-05,0.8625446428571429,144704.9107142857
322,0.00023002447916666666,0.8295833333333333,173.97916666666669,3.005208333333334e-05,0.8627083333333334,144314.5833333333
323,0.0002307386949404762,0.8296130952380952,173.58779761904762,3.0137648809523817e-05,0.8628720238095239,143924.25595238095
324,0.00023145291071428572,0.8296428571428571,173.19642857142856,3.022321428571429e-05,0.8630357142857144,143533.92857142858
325,0.00023216712648809525,0.829672619047619,172.80505952380952,3.0308779761904767e-05,0.8631994047619048,143143.60119047618
326,0.00023288134226190477,0.8297023809523809,172.41369047619048,3.0394345238095243e-05,0.8633630952380953,142753.2738095238
327,0.0002335955580357143,0.8297321428571428,172.02232142857144,3.047991071428572e-05,0.8635267857142858,142362.94642857142
328,0.00023430977380952382,0.8297619047619047,171.63095238095238,3.05654761904762e-05,0.8636904761904762,141972.61904761905
329,0.00023502398958333333,0.8297916666666666,171.23958333333334,3.0651041666666674e-05,0.8638541666666667,141582.29166666666
330,0.00023573820535714287,0.8298214285714285,170.84821428571428,3.073660714285715e-05,0.8640178571428572,141191.96428571426
331,0.00023645242113095238,0.8298511904761905,170.45684523809524,3.082217261904762e-05,0.8641815476190476,140801.6369047619
332,0.00023716663690476192,0.8298809523809524,170.0654761904762,3.09077380952381e-05,0.8643452380952381,140411.30952380953
333,0.00023788085267857143,0.8299107142857143,169.67410714285714,3.099330357142858e-05,0.8645089285714286,140020.98214285716
334,0.00023859506845238097,0.8299404761904762,169.2827380952381,3.1078869047619054e-05,0.864672619047619,139630.65476190476
335,0.00023930928422619048,0.8299702380952381,168.89136904761904,3.116443452380953e-05,0.8648363095238096,139240.32738095237
336,0.0002400235,0.83,168.5,3.125000000000001e-05,0.8650000000000001,138850.0
337,0.00024073771577380954,0.8300297619047619,168.10863095238096,3.133556547619048e-05,0.8651636904761906,138459.6726190476
338,0.00024145193154761905,0.8300595238095237,167.7172619047619,3.142113095238096e-05,0.865327380952381,138069.34523809524
339,0.0002421661473214286,0.8300892857142856,167.32589285714286,3.1506696428571434e-05,0.8654910714285715,137679.01785714284
340,0.0002428803630952381,0.8301190476190475,166.93452380952382,3.159226190476191e-05,0.865654761904762,137288.69047619047
341,0.00024359457886904764,0.8301488095238095,166.54315476190476,3.167782738095239e-05,0.8658184523809525,136898.36309523808
342,0.0002443087946428571,0.8301785714285714,166.15178571428572,3.176339285714287e-05,0.8659821428571429,136508.0357142857
343,0.00024502301041666664,0.8302083333333333,165.76041666666666,3.184895833333334e-05,0.8661458333333334,136117.70833333334
344,0.0002457372261904762,0.8302380952380952,165.36904761904762,3.1934523809523815e-05,0.8663095238095239,135727.38095238095
345,0.0002464514419642857,0.8302678571428571,164.97767857142858,3.202008928571429e-05,0.8664732142857143,135337.05357142858
346,0.0002471656577380952,0.830297619047619,164.58630952380952,3.210565476190477e-05,0.8666369047619048,134946.72619047618
347,0.00024787987351190474,0.8303273809523809,164.19494047619048,3.219122023809525e-05,0.8668005952380953,134556.39880952382
348,0.0002485940892857143,0.8303571428571428,163.80357142857142,3.227678571428572e-05,0.8669642857142857,134166.07142857142
349,0.00024930830505952376,0.8303869047619047,163.41220238095238,3.2362351190476195e-05,0.8671279761904762,133775.74404761905
350,0.0002500225208333333,0.8304166666666666,163.02083333333334,3.244791666666667e-05,0.8672916666666667,133385.41666666666
351,0.00025073673660714284,0.8304464285714286,162.62946428571428,3.253348214285715e-05,0.8674553571428572,132995.0892857143
352,0.0002514509523809524,0.8304761904761905,162.23809523809524,3.261904761904763e-05,0.8676190476190476,132604.7619047619
353,0.00025216516815476187,0.8305059523809524,161.8467261904762,3.27046130952381e-05,0.8677827380952381,132214.43452380953
354,0.0002528793839285714,0.8305357142857143,161.45535714285714,3.2790178571428575e-05,0.8679464285714287,131824.10714285713
355,0.00025359359970238094,0.8305654761904762,161.0639880952381,3.2875744047619055e-05,0.8681101190476191,131433.77976190476
356,0.00025430781547619043,0.830595238095238,160.67261904761904,3.296130952380953e-05,0.8682738095238096,131043.45238095237
357,0.00025502203124999997,0.830625,160.28125,3.304687500000001e-05,0.8684375000000001,130653.125
358,0.0002557362470238095,0.8306547619047618,159.88988095238096,3.313244047619048e-05,0.8686011904761906,130262.7976190476
359,0.00025645046279761905,0.8306845238095237,159.4985119047619,3.3218005952380955e-05,0.868764880952381,129872.47023809524
360,0.00025716467857142853,0.8307142857142856,159.10714285714286,3.3303571428571436e-05,0.8689285714285715,129482.14285714284
361,0.00025787889434523807,0.8307440476190476,158.71577380952382,3.338913690476191e-05,0.869092261904762,129091.81547619047
362,0.0002585931101190476,0.8307738095238095,158.32440476190476,3.347470238095239e-05,0.8692559523809524,128701.48809523808
363,0.0002593073258928571,0.8308035714285714,157.93303571428572,3.356026785714286e-05,0.8694196428571429,128311.16071428571
364,0.00026002154166666664,0.8308333333333333,157.54166666666666,3.364583333333334e-05,0.8695833333333334,127920.83333333334
365,0.0002607357574404762,0.8308630952380952,157.15029761904762,3.3731398809523816e-05,0.8697470238095238,127530.50595238095
366,0.0002614499732142857,0.8308928571428571,156.75892857142858,3.381696428571429e-05,0.8699107142857143,127140.17857142858
367,0.0002621641889880952,0.830922619047619,156.36755952380952,3.390252976190477e-05,0.8700744047619048,126749.85119047618
368,0.00026287840476190474,0.8309523809523809,155.97619047619048,3.398809523809524e-05,0.8702380952380953,126359.52380952382
369,0.0002635926205357143,0.8309821428571428,155.58482142857142,3.407366071428572e-05,0.8704017857142857,125969.19642857142
370,0.00026430683630952376,0.8310119047619047,155.19345238095238,3.4159226190476196e-05,0.8705654761904762,125578.86904761905
371,0.0002650210520833333,0.8310416666666667,154.80208333333334,3.4244791666666676e-05,0.8707291666666668,125188.54166666666
372,0.00026573526785714284,0.8310714285714286,154.41071428571428,3.433035714285715e-05,0.8708928571428571,124798.21428571429
373,0.0002664494836309524,0.8311011904761905,154.01934523809524,3.441592261904762e-05,0.8710565476190477,124407.8869047619
374,0.00026716369940476187,0.8311309523809524,153.6279761904762,3.45014880952381e-05,0.8712202380952382,124017.55952380953
375,0.0002678779151785714,0.8311607142857143,153.23660714285714,3.4587053571428576e-05,0.8713839285714287,123627.23214285713
376,0.00026859213095238094,0.8311904761904761,152.8452380952381,3.4672619047619057e-05,0.8715476190476191,123236.90476190476
377,0.00026930634672619043,0.831220238095238,152.45386904761904,3.475818452380953e-05,0.8717113095238096,122846.57738095237
378,0.00027002056249999997,0.8312499999999999,152.0625,3.484375e-05,0.8718750000000001,122456.25
379,0.0002707347782738095,0.8312797619047618,151.67113095238096,3.4929315476190483e-05,0.8720386904761905,122065.9226190476
380,0.00027144899404761905,0.8313095238095237,151.2797619047619,3.501488095238096e-05,0.872202380952381,121675.59523809524
381,0.00027216320982142853,0.8313392857142857,150.88839285714286,3.510044642857144e-05,0.8723660714285715,121285.26785714284
382,0.00027287742559523807,0.8313690476190476,150.49702380952382,3.518601190476191e-05,0.872529761904762,120894.94047619047
383,0.0002735916413690476,0.8313988095238095,150.10565476190476,3.527157738095239e-05,0.8726934523809524,120504.61309523808
384,0.0002743058571428571,0.8314285714285714,149.71428571428572,3.5357142857142864e-05,0.8728571428571429,120114.28571428571
385,0.00027502007291666663,0.8314583333333333,149.32291666666666,3.544270833333334e-05,0.8730208333333334,119723.95833333334
386,0.0002757342886904762,0.8314880952380952,148.93154761904762,3.552827380952382e-05,0.8731845238095238,119333.63095238095
387,0.0002764485044642857,0.8315178571428571,148.54017857142858,3.561383928571429e-05,0.8733482142857143,118943.30357142858
388,0.0002771627202380952,0.831547619047619,148.14880952380952,3.569940476190477e-05,0.8735119047619048,118552.97619047618
389,0.00027787693601190474,0.8315773809523809,147.75744047619048,3.5784970238095244e-05,0.8736755952380952,118162.64880952382
390,0.0002785911517857143,0.8316071428571428,147.36607142857142,3.5870535714285724e-05,0.8738392857142858,117772.32142857142
391,0.0002793053675595238,0.8316369047619048,146.97470238095238,3.59561011904762e-05,0.8740029761904763,117381.99404761905
392,0.0002800195833333333,0.8316666666666667,146.58333333333334,3.604166666666667e-05,0.8741666666666668,116991.66666666666
393,0.00028073379910714284,0.8316964285714286,146.19196428571428,3.612723214285715e-05,0.8743303571428572,116601.33928571429
394,0.0002814480148809524,0.8317261904761905,145.80059523809524,3.6212797619047624e-05,0.8744940476190477,116211.0119047619
395,0.00028216223065476186,0.8317559523809523,145.4092261904762,3.6298363095238104e-05,0.8746577380952382,115820.68452380953
396,0.0002828764464285714,0.8317857142857142,145.01785714285714,3.638392857142858e-05,0.8748214285714286,115430.35714285713
397,0.00028359066220238094,0.8318154761904761,144.6264880952381,3.646949404761905e-05,0.8749851190476191,115040.02976190476
398,0.0002843048779761905,0.831845238095238,144.23511904761904,3.655505952380953e-05,0.8751488095238096,114649.70238095237
399,0.00028501909374999997,0.8318749999999999,143.84375,3.6640625000000005e-05,0.8753125,114259.375
400,0.0002857333095238095,0.8319047619047618,143.45238095238096,3.6726190476190485e-05,0.8754761904761905,113869.0476190476
401,0.00028644752529761905,0.8319345238095238,143.0610119047619,3.681175595238096e-05,0.875639880952381,113478.72023809524
402,0.00028716174107142853,0.8319642857142857,142.66964285714286,3.689732142857144e-05,0.8758035714285715,113088.39285714284
403,0.00028787595684523807,0.8319940476190476,142.27827380952382,3.698288690476191e-05,0.8759672619047619,112698.06547619047
404,0.0002885901726190476,0.8320238095238095,141.88690476190476,3.7068452380952385e-05,0.8761309523809524,112307.73809523808
405,0.00028930438839285715,0.8320535714285714,141.49553571428572,3.7154017857142865e-05,0.8762946428571429,111917.41071428571
406,0.00029001860416666663,0.8320833333333333,141.10416666666666,3.723958333333334e-05,0.8764583333333333,111527.08333333334
407,0.0002907328199404762,0.8321130952380952,140.71279761904762,3.732514880952382e-05,0.8766220238095239,111136.75595238095
408,0.0002914470357142857,0.8321428571428571,140.32142857142858,3.741071428571429e-05,0.8767857142857143,110746.42857142858
409,0.0002921612514880952,0.832172619047619,139.93005952380952,3.749627976190477e-05,0.8769494047619049,110356.10119047618
410,0.00029287546726190474,0.8322023809523809,139.53869047619048,3.7581845238095245e-05,0.8771130952380953,109965.77380952382
411,0.0002935896830357143,0.8322321428571429,139.14732142857142,3.766741071428572e-05,0.8772767857142858,109575.44642857142
412,0.0002943038988095238,0.8322619047619048,138.75595238095238,3.77529761904762e-05,0.8774404761904763,109185.11904761905
413,0.0002950181145833333,0.8322916666666667,138.36458333333334,3.783854166666667e-05,0.8776041666666667,108794.79166666666
414,0.00029573233035714284,0.8323214285714285,137.97321428571428,3.792410714285715e-05,0.8777678571428572,108404.46428571429
415,0.0002964465461309524,0.8323511904761904,137.58184523809524,3.8009672619047626e-05,0.8779315476190477,108014.1369047619
416,0.00029716076190476186,0.8323809523809523,137.1904761904762,3.8095238095238106e-05,0.8780952380952382,107623.80952380953
417,0.0002978749776785714,0.8324107142857142,136.79910714285714,3.818080357142858e-05,0.8782589285714286,107233.48214285713
418,0.00029858919345238094,0.8324404761904761,136.4077380952381,3.826636904761905e-05,0.8784226190476191,106843.15476190476
419,0.0002993034092261905,0.832470238095238,136.01636904761904,3.835193452380953e-05,0.8785863095238096,106452.82738095237
420,0.00030001762499999997,0.8325,135.625,3.8437500000000006e-05,0.87875,106062.5
421,0.0003007318407738095,0.8325297619047619,135.23363095238096,3.8523065476190486e-05,0.8789136904761905,105672.1726190476
422,0.00030144605654761905,0.8325595238095238,134.8422619047619,3.860863095238096e-05,0.879077380952381,105281.84523809524
423,0.00030216027232142853,0.8325892857142857,134.45089285714286,3.869419642857143e-05,0.8792410714285714,104891.51785714284
424,0.00030287448809523807,0.8326190476190476,134.05952380952382,3.877976190476191e-05,0.8794047619047619,104501.19047619047
425,0.0003035887038690476,0.8326488095238095,133.66815476190476,3.8865327380952386e-05,0.8795684523809524,104110.86309523808
426,0.00030430291964285715,0.8326785714285714,133.27678571428572,3.8950892857142866e-05,0.879732142857143,103720.53571428571
427,0.00030501713541666663,0.8327083333333333,132.88541666666666,3.903645833333334e-05,0.8798958333333333,103330.20833333334
428,0.00030573135119047617,0.8327380952380952,132.49404761904762,3.912202380952382e-05,0.8800595238095239,102939.88095238095
429,0.0003064455669642857,0.8327678571428571,132.10267857142858,3.920758928571429e-05,0.8802232142857144,102549.55357142858
430,0.0003071597827380952,0.8327976190476191,131.71130952380952,3.9293154761904767e-05,0.8803869047619048,102159.22619047618
431,0.00030787399851190474,0.832827380952381,131.31994047619048,3.937872023809525e-05,0.8805505952380953,101768.89880952382
432,0.0003085882142857143,0.8328571428571429,130.92857142857142,3.946428571428572e-05,0.8807142857142858,101378.57142857142
433,0.0003093024300595238,0.8328869047619047,130.53720238095238,3.95498511904762e-05,0.8808779761904763,100988.24404761905
434,0.0003100166458333333,0.8329166666666666,130.14583333333334,3.9635416666666674e-05,0.8810416666666667,100597.91666666666
435,0.00031073086160714284,0.8329464285714285,129.75446428571428,3.9720982142857154e-05,0.8812053571428572,100207.58928571429
436,0.0003114450773809524,0.8329761904761904,129.36309523809524,3.980654761904763e-05,0.8813690476190477,99817.2619047619
437,0.00031215929315476186,0.8330059523809523,128.9717261904762,3.98921130952381e-05,0.8815327380952381,99426.93452380953
438,0.0003128735089285714,0.8330357142857142,128.58035714285714,3.997767857142858e-05,0.8816964285714286,99036.60714285713
439,0.00031358772470238094,0.8330654761904761,128.1889880952381,4.0063244047619054e-05,0.8818601190476191,98646.27976190476
440,0.0003143019404761905,0.8330952380952381,127.79761904761904,4.0148809523809534e-05,0.8820238095238095,98255.95238095237
441,0.00031501615624999997,0.833125,127.40625,4.023437500000001e-05,0.8821875,97865.625
442,0.0003157303720238095,0.8331547619047619,127.01488095238096,4.031994047619048e-05,0.8823511904761905,97475.2976190476
443,0.00031644458779761904,0.8331845238095238,126.6235119047619,4.040550595238096e-05,0.8825148809523811,97084.97023809524
444,0.00031715880357142853,0.8332142857142857,126.23214285714286,4.0491071428571434e-05,0.8826785714285714,96694.64285714284
445,0.00031787301934523807,0.8332440476190476,125.84077380952382,4.0576636904761914e-05,0.882842261904762,96304.31547619047
446,0.0003185872351190476,0.8332738095238095,125.44940476190476,4.066220238095239e-05,0.8830059523809525,95913.98809523808
447,0.00031930145089285715,0.8333035714285714,125.05803571428572,4.074776785714287e-05,0.883169642857143,95523.66071428571
448,0.00032001566666666663,0.8333333333333333,124.66666666666666,4.083333333333334e-05,0.8833333333333334,95133.33333333331
449,0.00032072988244047617,0.8333630952380952,124.27529761904762,4.0918898809523814e-05,0.8834970238095239,94743.00595238095
450,0.0003214440982142857,0.8333928571428572,123.88392857142858,4.1004464285714295e-05,0.8836607142857144,94352.67857142858
451,0.0003221583139880952,0.833422619047619,123.49255952380952,4.109002976190477e-05,0.8838244047619048,93962.35119047618
452,0.00032287252976190474,0.833452380952381,123.10119047619048,4.117559523809525e-05,0.8839880952380953,93572.02380952382
453,0.0003235867455357143,0.8334821428571428,122.70982142857142,4.126116071428572e-05,0.8841517857142858,93181.69642857142
454,0.0003243009613095238,0.8335119047619047,122.31845238095238,4.13467261904762e-05,0.8843154761904762,92791.36904761905
455,0.0003250151770833333,0.8335416666666666,121.92708333333334,4.1432291666666675e-05,0.8844791666666667,92401.04166666666
456,0.00032572939285714284,0.8335714285714285,121.53571428571428,4.151785714285715e-05,0.8846428571428572,92010.71428571429
457,0.0003264436086309524,0.8336011904761904,121.14434523809524,4.160342261904763e-05,0.8848065476190476,91620.3869047619
458,0.00032715782440476186,0.8336309523809523,120.7529761904762,4.16889880952381e-05,0.8849702380952381,91230.05952380953
459,0.0003278720401785714,0.8336607142857142,120.36160714285714,4.177455357142858e-05,0.8851339285714286,90839.73214285713
460,0.00032858625595238094,0.8336904761904762,119.9702380952381,4.1860119047619055e-05,0.885297619047619,90449.40476190476
461,0.0003293004717261905,0.8337202380952381,119.57886904761904,4.194568452380953e-05,0.8854613095238095,90059.07738095237
462,0.00033001468749999997,0.83375,119.1875,4.203125000000001e-05,0.8856250000000001,89668.75
463,0.0003307289032738095,0.8337797619047619,118.79613095238096,4.211681547619048e-05,0.8857886904761905,89278.4226190476
464,0.00033144311904761904,0.8338095238095238,118.4047619047619,4.220238095238096e-05,0.885952380952381,88888.09523809524
465,0.00033215733482142853,0.8338392857142857,118.01339285714286,4.2287946428571435e-05,0.8861160714285715,88497.76785714284
466,0.00033287155059523807,0.8338690476190476,117.62202380952382,4.2373511904761916e-05,0.886279761904762,88107.44047619047
467,0.0003335857663690476,0.8338988095238095,117.23065476190476,4.245907738095239e-05,0.8864434523809525,87717.11309523808
468,0.00033429998214285715,0.8339285714285714,116.83928571428572,4.254464285714286e-05,0.8866071428571429,87326.78571428571
469,0.00033501419791666663,0.8339583333333332,116.44791666666666,4.263020833333334e-05,0.8867708333333334,86936.45833333331
470,0.00033572841369047617,0.8339880952380953,116.05654761904762,4.2715773809523816e-05,0.8869345238095239,86546.13095238095
471,0.0003364426294642857,0.8340178571428571,115.66517857142858,4.2801339285714296e-05,0.8870982142857143,86155.80357142858
472,0.0003371568452380952,0.834047619047619,115.27380952380952,4.288690476190477e-05,0.8872619047619048,85765.47619047618
473,0.00033787106101190473,0.8340773809523809,114.88244047619048,4.297247023809525e-05,0.8874255952380953,85375.14880952382
474,0.0003385852767857143,0.8341071428571428,114.49107142857142,4.305803571428572e-05,0.8875892857142857,84984.82142857142
475,0.0003392994925595238,0.8341369047619047,114.09970238095238,4.3143601190476196e-05,0.8877529761904762,84594.49404761905
476,0.0003400137083333333,0.8341666666666666,113.70833333333334,4.3229166666666676e-05,0.8879166666666667,84204.16666666666
477,0.00034072792410714284,0.8341964285714285,113.31696428571428,4.331473214285715e-05,0.8880803571428572,83813.83928571429
478,0.0003414421398809524,0.8342261904761904,112.92559523809524,4.340029761904763e-05,0.8882440476190476,83423.5119047619
479,0.00034215635565476186,0.8342559523809523,112.5342261904762,4.34858630952381e-05,0.8884077380952381,83033.18452380953
480,0.0003428705714285714,0.8342857142857143,112.14285714285714,4.3571428571428576e-05,0.8885714285714286,82642.85714285713
481,0.00034358478720238094,0.8343154761904762,111.7514880952381,4.3656994047619056e-05,0.8887351190476191,82252.52976190476
482,0.0003442990029761905,0.8343452380952381,111.36011904761904,4.374255952380953e-05,0.8888988095238096,81862.20238095237
483,0.00034501321874999996,0.834375,110.96875,4.382812500000001e-05,0.8890625000000001,81471.875
484,0.0003457274345238095,0.8344047619047619,110.57738095238096,4.391369047619048e-05,0.8892261904761906,81081.5476190476
485,0.00034644165029761904,0.8344345238095238,110.1860119047619,4.3999255952380963e-05,0.889389880952381,80691.22023809524
486,0.00034715586607142853,0.8344642857142857,109.79464285714286,4.408482142857144e-05,0.8895535714285715,80300.89285714284
487,0.00034787008184523807,0.8344940476190476,109.40327380952382,4.417038690476191e-05,0.889717261904762,79910.56547619047
488,0.0003485842976190476,0.8345238095238094,109.01190476190476,4.425595238095239e-05,0.8898809523809524,79520.23809523808
489,0.00034929851339285715,0.8345535714285713,108.62053571428572,4.4341517857142864e-05,0.8900446428571429,79129.91071428571
490,0.00035001272916666663,0.8345833333333333,108.22916666666666,4.4427083333333344e-05,0.8902083333333334,78739.58333333331
491,0.00035072694494047617,0.8346130952380952,107.83779761904762,4.451264880952382e-05,0.8903720238095238,78349.25595238095
492,0.0003514411607142857,0.8346428571428571,107.44642857142858,4.45982142857143e-05,0.8905357142857143,77958.92857142858
493,0.0003521553764880952,0.834672619047619,107.05505952380952,4.468377976190477e-05,0.8906994047619048,77568.60119047618
494,0.00035286959226190473,0.8347023809523809,106.66369047619048,4.4769345238095244e-05,0.8908630952380953,77178.27380952382
495,0.0003535838080357143,0.8347321428571428,106.27232142857142,4.4854910714285724e-05,0.8910267857142857,76787.94642857142
496,0.0003542980238095238,0.8347619047619047,105.88095238095238,4.49404761904762e-05,0.8911904761904762,76397.61904761905
497,0.0003550122395833333,0.8347916666666666,105.48958333333334,4.502604166666668e-05,0.8913541666666667,76007.29166666666
498,0.00035572645535714284,0.8348214285714285,105.09821428571428,4.511160714285715e-05,0.8915178571428573,75616.96428571429
499,0.0003564406711309524,0.8348511904761904,104.70684523809524,4.519717261904763e-05,0.8916815476190476,75226.6369047619
500,0.00035715488690476186,0.8348809523809524,104.3154761904762,4.5282738095238104e-05,0.8918452380952382,74836.30952380953
501,0.0003578691026785714,0.8349107142857143,103.92410714285714,4.536830357142858e-05,0.8920089285714287,74445.98214285713
502,0.00035858331845238094,0.8349404761904762,103.5327380952381,4.545386904761906e-05,0.8921726190476191,74055.65476190476
503,0.0003592975342261905,0.8349702380952381,103.14136904761904,4.553943452380953e-05,0.8923363095238096,73665.32738095237
504,0.00036001174999999996,0.835,102.75,4.562500000000001e-05,0.8925000000000001,73275.0
505,0.0003607259657738095,0.8350297619047619,102.35863095238096,4.5710565476190485e-05,0.8926636904761905,72884.6726190476
506,0.00036144018154761904,0.8350595238095238,101.9672619047619,4.579613095238096e-05,0.892827380952381,72494.34523809524
507,0.00036215439732142853,0.8350892857142856,101.57589285714286,4.588169642857144e-05,0.8929910714285715,72104.01785714284
508,0.00036286861309523807,0.8351190476190475,101.18452380952382,4.596726190476191e-05,0.893154761904762,71713.69047619047
509,0.0003635828288690476,0.8351488095238095,100.79315476190476,4.605282738095239e-05,0.8933184523809524,71323.36309523808
510,0.00036429704464285715,0.8351785714285714,100.40178571428572,4.6138392857142865e-05,0.8934821428571429,70933.03571428571
511,0.00036501126041666663,0.8352083333333333,100.01041666666666,4.6223958333333345e-05,0.8936458333333334,70542.70833333331
512,0.00036572547619047617,0.8352380952380952,99.61904761904762,4.630952380952382e-05,0.8938095238095238,70152.38095238095
513,0.0003664396919642857,0.8352678571428571,99.22767857142858,4.639508928571429e-05,0.8939732142857143,69762.05357142858
514,0.0003671539077380952,0.835297619047619,98.83630952380952,4.648065476190477e-05,0.8941369047619048,69371.72619047618
515,0.00036786812351190473,0.8353273809523809,98.44494047619048,4.6566220238095245e-05,0.8943005952380952,68981.39880952382
516,0.00036858233928571427,0.8353571428571428,98.05357142857142,4.6651785714285725e-05,0.8944642857142857,68591.07142857142
517,0.0003692965550595238,0.8353869047619047,97.66220238095238,4.67373511904762e-05,0.8946279761904763,68200.74404761905
518,0.0003700107708333333,0.8354166666666666,97.27083333333334,4.682291666666668e-05,0.8947916666666668,67810.41666666666
519,0.00037072498660714284,0.8354464285714286,96.87946428571428,4.690848214285715e-05,0.8949553571428572,67420.08928571429
520,0.0003714392023809524,0.8354761904761905,96.48809523809524,4.6994047619047625e-05,0.8951190476190477,67029.7619047619
521,0.00037215341815476186,0.8355059523809524,96.0967261904762,4.7079613095238106e-05,0.8952827380952382,66639.43452380953
522,0.0003728676339285714,0.8355357142857143,95.70535714285714,4.716517857142858e-05,0.8954464285714286,66249.10714285713
523,0.00037358184970238094,0.8355654761904762,95.3139880952381,4.725074404761906e-05,0.8956101190476191,65858.77976190476
524,0.0003742960654761905,0.8355952380952381,94.92261904761904,4.733630952380953e-05,0.8957738095238096,65468.45238095237
525,0.00037501028124999996,0.835625,94.53125,4.7421875000000006e-05,0.8959375,65078.125
526,0.0003757244970238095,0.8356547619047618,94.13988095238096,4.7507440476190486e-05,0.8961011904761905,64687.797619047604
527,0.00037643871279761904,0.8356845238095237,93.7485119047619,4.759300595238096e-05,0.896264880952381,64297.47023809524
528,0.0003771529285714285,0.8357142857142856,93.35714285714286,4.767857142857144e-05,0.8964285714285715,63907.14285714284
529,0.00037786714434523807,0.8357440476190476,92.96577380952382,4.776413690476191e-05,0.8965922619047619,63516.81547619047
530,0.0003785813601190476,0.8357738095238095,92.57440476190476,4.784970238095239e-05,0.8967559523809524,63126.48809523808
531,0.00037929557589285714,0.8358035714285714,92.18303571428572,4.7935267857142866e-05,0.8969196428571429,62736.16071428571
532,0.00038000979166666663,0.8358333333333333,91.79166666666666,4.802083333333334e-05,0.8970833333333333,62345.833333333314
533,0.00038072400744047617,0.8358630952380952,91.40029761904762,4.810639880952382e-05,0.8972470238095238,61955.50595238095
534,0.0003814382232142857,0.8358928571428571,91.00892857142858,4.819196428571429e-05,0.8974107142857144,61565.17857142858
535,0.0003821524389880952,0.835922619047619,90.61755952380952,4.827752976190477e-05,0.8975744047619048,61174.85119047618
536,0.00038286665476190473,0.8359523809523809,90.22619047619048,4.8363095238095247e-05,0.8977380952380953,60784.52380952382
537,0.00038358087053571427,0.8359821428571428,89.83482142857142,4.844866071428573e-05,0.8979017857142858,60394.19642857142
538,0.0003842950863095238,0.8360119047619047,89.44345238095238,4.85342261904762e-05,0.8980654761904763,60003.86904761905
539,0.0003850093020833333,0.8360416666666667,89.05208333333334,4.861979166666667e-05,0.8982291666666667,59613.54166666666
540,0.00038572351785714284,0.8360714285714286,88.66071428571428,4.8705357142857153e-05,0.8983928571428572,59223.21428571429
541,0.0003864377336309524,0.8361011904761905,88.26934523809524,4.879092261904763e-05,0.8985565476190477,58832.886904761894
542,0.00038715194940476186,0.8361309523809524,87.8779761904762,4.887648809523811e-05,0.8987202380952382,58442.55952380953
543,0.0003878661651785714,0.8361607142857143,87.48660714285714,4.896205357142858e-05,0.8988839285714286,58052.23214285713
544,0.00038858038095238094,0.8361904761904762,87.0952380952381,4.904761904761906e-05,0.8990476190476191,57661.90476190476
545,0.0003892945967261905,0.836220238095238,86.70386904761904,4.9133184523809534e-05,0.8992113095238096,57271.57738095237
546,0.00039000881249999996,0.8362499999999999,86.3125,4.921875000000001e-05,0.899375,56881.25
547,0.0003907230282738095,0.8362797619047618,85.92113095238096,4.930431547619049e-05,0.8995386904761905,56490.922619047604
548,0.00039143724404761904,0.8363095238095237,85.5297619047619,4.938988095238096e-05,0.899702380952381,56100.59523809524
549,0.0003921514598214285,0.8363392857142857,85.13839285714286,4.947544642857144e-05,0.8998660714285714,55710.26785714284
550,0.00039286567559523807,0.8363690476190476,84.74702380952382,4.9561011904761914e-05,0.9000297619047619,55319.94047619047
551,0.0003935798913690476,0.8363988095238095,84.35565476190476,4.964657738095239e-05,0.9001934523809524,54929.61309523808
552,0.00039429410714285714,0.8364285714285714,83.96428571428572,4.973214285714287e-05,0.9003571428571429,54539.28571428571
553,0.00039500832291666663,0.8364583333333333,83.57291666666666,4.981770833333334e-05,0.9005208333333334,54148.958333333314
554,0.00039572253869047617,0.8364880952380952,83.18154761904762,4.990327380952382e-05,0.9006845238095239,53758.63095238095
555,0.0003964367544642857,0.8365178571428571,82.79017857142858,4.9988839285714294e-05,0.9008482142857144,53368.30357142858
556,0.0003971509702380952,0.836547619047619,82.39880952380952,5.0074404761904774e-05,0.9010119047619048,52977.97619047618
557,0.00039786518601190473,0.8365773809523809,82.00744047619048,5.015997023809525e-05,0.9011755952380953,52587.64880952382
558,0.00039857940178571427,0.8366071428571428,81.61607142857142,5.024553571428572e-05,0.9013392857142858,52197.32142857142
559,0.0003992936175595238,0.8366369047619048,81.22470238095238,5.03311011904762e-05,0.9015029761904763,51806.99404761905
560,0.0004000078333333333,0.8366666666666667,80.83333333333334,5.0416666666666675e-05,0.9016666666666667,51416.66666666666
561,0.00040072204910714283,0.8366964285714286,80.44196428571428,5.0502232142857155e-05,0.9018303571428572,51026.33928571429
562,0.0004014362648809524,0.8367261904761905,80.05059523809524,5.058779761904763e-05,0.9019940476190477,50636.011904761894
563,0.00040215048065476186,0.8367559523809524,79.6592261904762,5.067336309523811e-05,0.9021577380952381,50245.68452380953
564,0.0004028646964285714,0.8367857142857142,79.26785714285714,5.075892857142858e-05,0.9023214285714286,49855.35714285713
565,0.00040357891220238094,0.8368154761904761,78.8764880952381,5.0844494047619055e-05,0.9024851190476191,49465.02976190476
566,0.0004042931279761905,0.836845238095238,78.48511904761904,5.0930059523809535e-05,0.9026488095238095,49074.70238095237
567,0.00040500734374999996,0.8368749999999999,78.09375,5.101562500000001e-05,0.9028125,48684.375
568,0.0004057215595238095,0.8369047619047618,77.70238095238096,5.110119047619049e-05,0.9029761904761905,48294.047619047604
569,0.00040643577529761904,0.8369345238095238,77.3110119047619,5.118675595238096e-05,0.903139880952381,47903.72023809524
570,0.0004071499910714285,0.8369642857142857,76.91964285714286,5.1272321428571435e-05,0.9033035714285715,47513.39285714284
571,0.00040786420684523806,0.8369940476190476,76.52827380952382,5.1357886904761915e-05,0.9034672619047619,47123.06547619047
572,0.0004085784226190476,0.8370238095238095,76.13690476190476,5.144345238095239e-05,0.9036309523809525,46732.73809523808
573,0.00040929263839285714,0.8370535714285714,75.74553571428572,5.152901785714287e-05,0.903794642857143,46342.41071428571
574,0.00041000685416666663,0.8370833333333333,75.35416666666666,5.161458333333334e-05,0.9039583333333334,45952.083333333314
575,0.00041072106994047617,0.8371130952380952,74.96279761904762,5.170014880952382e-05,0.9041220238095239,45561.75595238095
576,0.0004114352857142857,0.8371428571428571,74.57142857142858,5.1785714285714296e-05,0.9042857142857144,45171.42857142858
577,0.0004121495014880952,0.837172619047619,74.18005952380952,5.187127976190477e-05,0.9044494047619048,44781.10119047618
578,0.00041286371726190473,0.837202380952381,73.78869047619048,5.195684523809525e-05,0.9046130952380953,44390.77380952382
579,0.00041357793303571427,0.8372321428571429,73.39732142857142,5.204241071428572e-05,0.9047767857142858,44000.44642857142
580,0.0004142921488095238,0.8372619047619048,73.00595238095238,5.21279761904762e-05,0.9049404761904762,43610.11904761905
581,0.0004150063645833333,0.8372916666666667,72.61458333333334,5.2213541666666676e-05,0.9051041666666667,43219.79166666666
582,0.00041572058035714283,0.8373214285714285,72.22321428571428,5.2299107142857156e-05,0.9052678571428572,42829.46428571429
583,0.0004164347961309524,0.8373511904761904,71.83184523809524,5.238467261904763e-05,0.9054315476190476,42439.136904761894
584,0.00041714901190476186,0.8373809523809523,71.4404761904762,5.24702380952381e-05,0.9055952380952381,42048.80952380953
585,0.0004178632276785714,0.8374107142857142,71.04910714285714,5.255580357142858e-05,0.9057589285714286,41658.48214285713
586,0.00041857744345238094,0.8374404761904761,70.6577380952381,5.2641369047619056e-05,0.9059226190476191,41268.15476190476
587,0.0004192916592261905,0.837470238095238,70.26636904761904,5.2726934523809536e-05,0.9060863095238095,40877.82738095237
588,0.00042000587499999996,0.8374999999999999,69.875,5.281250000000001e-05,0.90625,40487.5
589,0.0004207200907738095,0.8375297619047619,69.48363095238096,5.289806547619048e-05,0.9064136904761906,40097.172619047604
590,0.00042143430654761904,0.8375595238095238,69.0922619047619,5.298363095238096e-05,0.9065773809523809,39706.84523809524
591,0.0004221485223214285,0.8375892857142857,68.70089285714286,5.3069196428571437e-05,0.9067410714285715,39316.51785714284
592,0.00042286273809523806,0.8376190476190476,68.30952380952382,5.315476190476192e-05,0.906904761904762,38926.19047619047
593,0.0004235769538690476,0.8376488095238095,67.91815476190476,5.324032738095239e-05,0.9070684523809525,38535.86309523808
594,0.00042429116964285714,0.8376785714285714,67.52678571428572,5.332589285714287e-05,0.9072321428571429,38145.53571428571
595,0.00042500538541666663,0.8377083333333333,67.13541666666666,5.3411458333333344e-05,0.9073958333333334,37755.208333333314
596,0.00042571960119047617,0.8377380952380952,66.74404761904762,5.349702380952382e-05,0.9075595238095239,37364.88095238095
597,0.0004264338169642857,0.8377678571428571,66.35267857142858,5.35825892857143e-05,0.9077232142857143,36974.55357142855
598,0.0004271480327380952,0.8377976190476191,65.96130952380952,5.366815476190477e-05,0.9078869047619048,36584.22619047618
599,0.00042786224851190473,0.837827380952381,65.56994047619048,5.375372023809525e-05,0.9080505952380953,36193.89880952382
600,0.00042857646428571427,0.8378571428571429,65.17857142857142,5.3839285714285724e-05,0.9082142857142858,35803.57142857142
601,0.0004292906800595238,0.8378869047619047,64.78720238095238,5.3924851190476204e-05,0.9083779761904762,35413.24404761905
602,0.0004300048958333333,0.8379166666666666,64.39583333333334,5.401041666666668e-05,0.9085416666666667,35022.91666666666
603,0.00043071911160714283,0.8379464285714285,64.00446428571428,5.409598214285715e-05,0.9087053571428572,34632.58928571429
604,0.00043143332738095237,0.8379761904761904,63.61309523809524,5.418154761904763e-05,0.9088690476190476,34242.261904761894
605,0.00043214754315476186,0.8380059523809523,63.221726190476204,5.4267113095238104e-05,0.9090327380952381,33851.93452380953
606,0.0004328617589285714,0.8380357142857142,62.83035714285714,5.4352678571428584e-05,0.9091964285714286,33461.60714285713
607,0.00043357597470238094,0.8380654761904761,62.4389880952381,5.443824404761906e-05,0.909360119047619,33071.27976190476
608,0.0004342901904761905,0.8380952380952381,62.04761904761904,5.452380952380953e-05,0.9095238095238096,32680.952380952367
609,0.00043500440624999996,0.838125,61.65625,5.460937500000001e-05,0.9096875000000001,32290.625
610,0.0004357186220238095,0.8381547619047619,61.26488095238096,5.4694940476190484e-05,0.9098511904761906,31900.297619047604
611,0.00043643283779761904,0.8381845238095238,60.8735119047619,5.4780505952380965e-05,0.910014880952381,31509.970238095237
612,0.0004371470535714285,0.8382142857142857,60.48214285714286,5.486607142857144e-05,0.9101785714285715,31119.64285714284
613,0.00043786126934523806,0.8382440476190476,60.090773809523824,5.495163690476192e-05,0.910342261904762,30729.315476190473
614,0.0004385754851190476,0.8382738095238095,59.69940476190476,5.503720238095239e-05,0.9105059523809524,30338.988095238077
615,0.00043928970089285714,0.8383035714285714,59.30803571428572,5.5122767857142865e-05,0.9106696428571429,29948.66071428571
616,0.0004400039166666666,0.8383333333333333,58.91666666666666,5.5208333333333345e-05,0.9108333333333334,29558.333333333314
617,0.00044071813244047617,0.8383630952380952,58.52529761904762,5.529389880952382e-05,0.9109970238095239,29168.005952380947
618,0.0004414323482142857,0.8383928571428572,58.133928571428584,5.53794642857143e-05,0.9111607142857143,28777.67857142855
619,0.0004421465639880952,0.838422619047619,57.74255952380952,5.546502976190477e-05,0.9113244047619048,28387.351190476184
620,0.00044286077976190473,0.838452380952381,57.35119047619048,5.555059523809525e-05,0.9114880952380953,27997.023809523816
621,0.00044357499553571427,0.8384821428571428,56.959821428571416,5.5636160714285725e-05,0.9116517857142857,27606.69642857142
622,0.0004442892113095238,0.8385119047619047,56.56845238095238,5.57217261904762e-05,0.9118154761904762,27216.369047619053
623,0.0004450034270833333,0.8385416666666666,56.17708333333334,5.580729166666668e-05,0.9119791666666667,26826.041666666657
624,0.00044571764285714283,0.8385714285714285,55.78571428571428,5.589285714285715e-05,0.9121428571428571,26435.71428571429
625,0.00044643185863095237,0.8386011904761904,55.39434523809524,5.597842261904763e-05,0.9123065476190477,26045.386904761894
626,0.00044714607440476186,0.8386309523809523,55.002976190476204,5.6063988095238105e-05,0.9124702380952381,25655.059523809527
627,0.0004478602901785714,0.8386607142857142,54.61160714285714,5.6149553571428586e-05,0.9126339285714287,25264.73214285713
628,0.00044857450595238094,0.8386904761904762,54.2202380952381,5.623511904761906e-05,0.9127976190476191,24874.404761904763
629,0.0004492887217261905,0.8387202380952381,53.82886904761904,5.632068452380953e-05,0.9129613095238096,24484.077380952367
630,0.00045000293749999996,0.83875,53.4375,5.640625000000001e-05,0.9131250000000001,24093.75
631,0.0004507171532738095,0.8387797619047619,53.04613095238096,5.6491815476190486e-05,0.9132886904761905,23703.422619047604
632,0.00045143136904761904,0.8388095238095238,52.6547619047619,5.6577380952380966e-05,0.913452380952381,23313.095238095237
633,0.0004521455848214285,0.8388392857142857,52.26339285714286,5.666294642857144e-05,0.9136160714285715,22922.76785714284
634,0.00045285980059523806,0.8388690476190476,51.872023809523824,5.674851190476191e-05,0.913779761904762,22532.440476190473
635,0.0004535740163690476,0.8388988095238095,51.48065476190476,5.683407738095239e-05,0.9139434523809524,22142.113095238077
636,0.00045428823214285714,0.8389285714285714,51.08928571428572,5.6919642857142866e-05,0.9141071428571429,21751.78571428571
637,0.0004550024479166666,0.8389583333333333,50.69791666666666,5.7005208333333346e-05,0.9142708333333334,21361.458333333314
638,0.00045571666369047617,0.8389880952380953,50.30654761904762,5.709077380952382e-05,0.9144345238095238,20971.130952380947
639,0.0004564308794642857,0.8390178571428571,49.915178571428584,5.71763392857143e-05,0.9145982142857143,20580.80357142855
640,0.00045714509523809524,0.839047619047619,49.52380952380952,5.726190476190477e-05,0.9147619047619048,20190.476190476184
641,0.00045785931101190473,0.8390773809523809,49.13244047619048,5.7347470238095246e-05,0.9149255952380952,19800.148809523816
642,0.00045857352678571427,0.8391071428571428,48.741071428571416,5.7433035714285726e-05,0.9150892857142857,19409.82142857142
643,0.0004592877425595238,0.8391369047619047,48.34970238095238,5.75186011904762e-05,0.9152529761904762,19019.494047619053
644,0.0004600019583333333,0.8391666666666666,47.95833333333334,5.760416666666668e-05,0.9154166666666668,18629.166666666657
645,0.00046071617410714283,0.8391964285714285,47.56696428571428,5.768973214285715e-05,0.9155803571428572,18238.83928571429
646,0.00046143038988095237,0.8392261904761904,47.17559523809524,5.7775297619047633e-05,0.9157440476190477,17848.511904761894
647,0.0004621446056547619,0.8392559523809523,46.784226190476204,5.786086309523811e-05,0.9159077380952382,17458.184523809527
648,0.0004628588214285714,0.8392857142857143,46.39285714285714,5.794642857142858e-05,0.9160714285714286,17067.85714285713
649,0.00046357303720238093,0.8393154761904762,46.0014880952381,5.803199404761906e-05,0.9162351190476191,16677.529761904763
650,0.0004642872529761905,0.8393452380952381,45.61011904761904,5.8117559523809534e-05,0.9163988095238096,16287.202380952367
651,0.00046500146874999996,0.839375,45.21875,5.8203125000000014e-05,0.9165625000000001,15896.875
652,0.0004657156845238095,0.8394047619047619,44.82738095238096,5.828869047619049e-05,0.9167261904761905,15506.547619047604
653,0.00046642990029761904,0.8394345238095238,44.4360119047619,5.837425595238096e-05,0.916889880952381,15116.220238095237
654,0.0004671441160714286,0.8394642857142857,44.04464285714286,5.845982142857144e-05,0.9170535714285715,14725.89285714284
655,0.00046785833184523806,0.8394940476190476,43.653273809523796,5.8545386904761914e-05,0.9172172619047619,14335.565476190473
656,0.0004685725476190476,0.8395238095238095,43.26190476190476,5.8630952380952394e-05,0.9173809523809524,13945.238095238077
657,0.00046928676339285714,0.8395535714285713,42.87053571428572,5.871651785714287e-05,0.9175446428571429,13554.91071428571
658,0.0004700009791666666,0.8395833333333333,42.479166666666686,5.880208333333335e-05,0.9177083333333333,13164.583333333314
659,0.00047071519494047616,0.8396130952380952,42.08779761904765,5.888764880952382e-05,0.9178720238095238,12774.255952380947
660,0.0004714294107142857,0.8396428571428571,41.696428571428555,5.8973214285714294e-05,0.9180357142857143,12383.92857142855
661,0.00047214362648809524,0.839672619047619,41.30505952380952,5.9058779761904774e-05,0.9181994047619049,11993.601190476184
662,0.00047285784226190473,0.8397023809523809,40.91369047619048,5.914434523809525e-05,0.9183630952380952,11603.273809523816
663,0.00047357205803571427,0.8397321428571428,40.522321428571445,5.922991071428573e-05,0.9185267857142858,11212.94642857142
664,0.0004742862738095238,0.8397619047619047,40.13095238095241,5.93154761904762e-05,0.9186904761904763,10822.619047619053
665,0.0004750004895833333,0.8397916666666666,39.739583333333314,5.940104166666668e-05,0.9188541666666667,10432.291666666657
666,0.00047571470535714283,0.8398214285714285,39.34821428571428,5.9486607142857155e-05,0.9190178571428572,10041.96428571429
667,0.00047642892113095237,0.8398511904761905,38.95684523809524,5.957217261904763e-05,0.9191815476190477,9651.636904761894
668,0.0004771431369047619,0.8398809523809524,38.565476190476204,5.965773809523811e-05,0.9193452380952382,9261.309523809527
669,0.0004778573526785714,0.8399107142857143,38.17410714285717,5.974330357142858e-05,0.9195089285714286,8870.98214285713
670,0.00047857156845238093,0.8399404761904762,37.782738095238074,5.982886904761906e-05,0.9196726190476191,8480.654761904763
671,0.0004792857842261905,0.8399702380952381,37.39136904761904,5.9914434523809535e-05,0.9198363095238096,8090.327380952367
672,0.00047999999999999996,0.84,37.0,6.0000000000000015e-05,0.92,7700.0
